Topic ID,Top Words,Category,Sub-Category,Specifics,comments
TOPIC 0,build linux lib compil usr py make modul tool refer ,Secure Development,Implementation,compile error (code security),
TOPIC 1,hash format salt length md test time sha bit tabl ,Data Security,Password/Data Storage,password security and cracking,
TOPIC 2,support sha cipher ae option default tl enabl list disabl ,Cryptography,Encryption,,
TOPIC 3,user password usernam ssh login authent run use command log ,Access Control,Authentication,user authentication,
TOPIC 4,test script fuzz look run add think make fuzzer project ,Secure Development,Testing,security test,
TOPIC 5,chang implement need think code document ad add make api ,Secure Development,Implementation,document implementation (security instruction),
TOPIC 6,work version tri thank problem use relea help instal hi,Secure Development,Libraries/Configuration,version/patch security update,
TOPIC 7,openssl crypto test lib vector copi cygwin build cipher ecc,Cryptography,Encryption,openssl library,
TOPIC 8,function valu return string org char null int type code ,Secure Development,Implementation,return check (code security),
TOPIC 9,error fail bug messag report reproduc result log descript expect ,Secure Development,GitHub/Reports,error message report (code security),
TOPIC 10,decod encod byte buffer output video base use input flag ,Cryptography,Encoding,media player security,
TOPIC 11,certif secur window sign cert valid ca vulner trust check ,Network Security,Digital Certificates,certificate authentication,
TOPIC 12,debug memori leak fix free pass process signal alloc state ,Software Vulnerabilities,Memory Management,memory leak (code security),
TOPIC 13,fix thank thread commit sign request pull plea email github ,Secure Development,GitHub/Reports,,
TOPIC 14,ssl client tl mbedtl add hello server connect error cli ,Network Security,Client/Server,,
TOPIC 15,key use pkc privat card rsa public gener signatur work ,Cryptography,Encryption,public-key signature system,
TOPIC 16,encrypt decrypt data use attack devic block protect time need ,Data Security,Password/Data Storage,data security,
TOPIC 17,file line warn tmp start plea miss space error tag ,Secure Development,Implementation,software implementation (code security),
TOPIC 18,server connect authent ldap request port auth eap client http ,Network Security,Client/Server,server connect authent,
