postid,links,tags,title,question,answers,uniq,raw,words,len,ratio,probability
218,https://api.github.com/repos/mssun/passforios/issues/218,issue,cannot clone repositori ssh privat key,tri clone git repositori first time use ssh authentifi ssh key error unabl extract public key privat key file wrong passphras invalid unrecogn privat key file format tri transfer passphras use web server ascii armor qr itun file share made sure passphras correct work happenen reset app order clone new password store almost year app work intend uninstal reinstal fix problem key good pc got error iphon ipad ios,import key matter keep ascii armor key possibl key format support upstream librari use ask key type think one possibl workaround gener anoth pair key tri maintain list support unsupport key check see key definit support edit seem abl clone repositori use new ssh key exact issu freshli gener ssh key empti password let know anyth provid info ios iphon issu new iphon ios prevent use gog git server even prevent use ssh old iphon run ios work fine clone older version pass ios gog almost year ago use rsa key without passphras without success newli gener key start string previous command gener file start string new format support thank put support unsupport key add link document key setup page pleas check whether solv problem tri gener key old format use accept passphras provid pass abl convert exist privat key gener compliant key pair use version suppli linux distribut gener new privat key gener match public key resolv thank follow step exactli work success clone iphon easi peasi lemon squeezi ran issu abl resolv ask gener new pair key openssl pem format openssh v onward write privat key openssh format use ensur key pair openssl pem format regardless openssh version omit long flag omit openssh older v work strang sinc output support header tri incant well judg glanc recommend except larger size work either tri use suggest unsuccess attempt continu prompt password ssh key ui provid feedback whether password correct incorrect tri creat ssh key without password case still prompt password submit empti password assum recommend anyon insight underli issu check openssh version use use tri without passphras solut luck get unabl extract public key privat key file wrong passphras invalid unrecogn privat key file format git repositori url ssh gitgit solv appar git git repositori url omit git repositori url ssh gitin combin puttygen solut work git repositori url includ git end make sure work omit happili updat wiki permiss use ssh key use assum use use passphras key tri omit url use command without password continu prompt password final hit cancel follow error cover variabl creat key time password exact error endless loop cancel got work use rsa key passphras creat puttygen thank test password still work get error use privat repositori github transfer privat public key follow idea go wrong differ see use instead copi past xclip look closer afk thank share luck either expect interest howev clone repositori local either valid updat run local test reproduc issu final got work need test follow variabl variabl extens matter ssh key password matter matter git repositori url problemat usernam problemat ssh key size problemat discuss take away url usernam enter problemat git repositori url usernam bad git repositori url usernam good git repositori url usernam retrospect seem caught earlier process bear mind howev tri troubleshoot six variabl list made troubleshoot quit time consum alloc time troubleshoot vs ssh password extens variabl tri local clone repositori correct error ssh key gener work recommend thank make app quit happi final run intend contribut one day middl tran atlant reloc settl time contribut humbl recommend better error messag confus continu prompt ssh key password furthermor final click cancel error messag mention perhap catch error suggest troubleshoot tip support newer ssh key better error messag lack support type key support altern repositori syntax ad suggest prs alway welcom current error messag far enough read issu feel even bit mislead interest git reposo url ssh gitus name git ssh key bit rsa gener puttygen import use git repositori bare git repositori locat vps variabl chang git extens git repositori url extens enter ssh key passphras error underli error fatal home git password store git appear git repositori extens enter ssh key passphras success clone repo strang cannot speak non github domain possibl github resolv non url similarli hey folk spent countless hour tri solv imag repo url look got issu clone use ssh key base auth ssh key openssh rsa b case colon behind domain culprit point slash follow domain thank help issu key type think someon talk somewher thx answer battl time issu normal clone password store repositori laptop use git client someth along line passforio translat clone url much trial error unfortun less help error messag found url need complet absolut path repositori target server repositori host clone url passforio need git client work infer base path login shell notion case think url confirm problem format key legaci pem public key format work wherea default format rfc option regard error got server phone key author key updat libgit libssh openssl ship testflight updat updat support ecdsa ed algorithm pleas help confirm problem fix refer,13,78,ssh|private key|authentication|public key|validate|password|rsa|openssl|openssh|username|login|authorise|ecdsa,849,0.09187279151943463,0.8878005146980286
50,https://api.github.com/repos/TakeScoop/SwiftyRSA/issues/50,issue,rsa privat key creation data fail code,current tri creat privatekey base encod key via base encod pemencod sinc alway receiv decid check meaning error found matter key pass alway error list titl chang see error found within ios block chang test differ rsa privat key well found test key folder sure go wrong track,thank open issu mind check latest version swiftyrsa follow pod let know fix issu mind provid full code key tri help ton investig current latest commit master branch still experienc issu note error v well sorri delay mind provid key code use make sure thank experienc issu happen load privat key preload data initi error caus error gener key test bit key gener use openssl work key gener use python crypto librari seem fail bit privat key test smaller privat key public key alway okay ad comment stackoverflow show python code use gener key use cryptodom python problem use gener bit key swiftyrsa use pleas note work almost everi time sure key gener occasion faulti made mistak bug seckeycreatewithdata crpyto key attach sever keypair gener seem work correctli python even though rare case caus seckeycreatewithdata fail try cryptodom document suppos drop replac pycrypto look bug either pycrypto appl code possibl appl code sinc openssl seem happi test key look bug seckeycreatewithdata batch gener key fed swift get behaviour everi fail seemingli valid key workaround gener differ key seem solut problem appl fix bug one specif key try look quick shift blame sdk swiftyrsa still rel recent explor edg case thank see post day ago alreadi post key cours certain think problem swiftyrsa underli call seckeycreatewithdata fail tri without swiftyrsa key work fine openssl python crypto got thank look provid key public key ad keychain correctli inde privat key caus troubl realli know wrong know openssl pars correctli output modulu modulu match public key modulu size privat expon field prime prime etc seem match see key gener see size bit ssh keygen key bit field besid modulu privat expon bit key gener ssh keygen ad keychain sure whether incid definit notic post key work tri gener coupl key show deviat power degre though singl key valu power key tend work deviat lot genuin know whether key valid perhap bug crypto key garbag sinc tool fail key bit inclin blame appl resili case requir appl devic receiv use key gener fly third parti end potenti lock legitim user key everi tool happili accept even key faulti encrypt librari tool seem care observ problem product env upgrad latest swiftyrsa add swiftyrsa flag skip seckeycreatewithdata oper addkey ios earlier secitemadd meyb time appl resolv issu unfortun ios support old add key keychain revert back chang mind link privat public key work latest version encrypt messag privat key swift previou version swiftyrsa work correctli idea resolv problem gener privat key node js librari see privat header strip public key privat key issu need write proper asn parser workaround gonna take time back asap great news wait feedback move issu address pleas feel free give shot merg feel free review code interest pr unfortun address current issu rare privat key ad keychain ios iphon plu seckeycreatewithdata object c c seem work rsa privat key rsa privat key creation data fail took base encod represent der encod rsa privat key pleas provid work exampl privat key thank lot,9,54,rsa|private key|encode|openssl|crypt|public key|validate|ssh|encrypt,557,0.09694793536804308,0.7921136617660522
95,https://api.github.com/repos/mssun/passforios/issues/95,issue,unabl clone server specifi custom ssh port,run git server nas host copi password repo nas use custom port ssh cannot seem repo clone app tri specifi port url fail well sinc instruct error messag present fail clone repo much help inform setup,hi test repo ok forget includ usernam url mean ssh usernam yeah tri well still fail reason note abl clone devic app whatev reason try latest testflight build sinc fix clone issu know relat thank sure join testflight beta test yes updat testflight app put list part yet appreci abl test new build fix problem abl test ios make differ done invit link sent still get error testflight build info provid debug sadli error messag return objectivegit libgit use usual contain use inform objectivegit clone repositori objectivegit provid bind libgit librari think use libgit directli clone repositori see happen first mention previous devic success clone repositori know whether libgit use command line git pass url shown connect prompt password provid password checkout repo success hi wonder ipad resolv tardi local domain local network somehow test ipad connect server yup ssh client abl connect port login anoth user mayb clue login ssh print messag exit shell seem impact abil clone host use command relev let reproduc issu first detail git configur server mean ssh enabl directori creat repo ad remot password repo push anyth done realli hinder abil migrat away old password manag extrem busi recent time later week try go dig issu first prioriti thank updat realli appreci local git server custom port today abl clone repositori list step check whether anyth interest macbook creat user creat repo use account ad remot password repo push chang ssh port abl clone via iphon connect wifi abl clone via usernam cours ssh client termiu connect giti see warn error messag clue said possibl make error messag gone temporarili try provid git clone error messag next testflight releas hope help updat releas v testflight error messag latest testflight success clone local git server use password ssh key think issu relat depend objectivegit googl unabl exchang encrypt key bit found interest post exampl one issu libssh openssh possibl interact cipher support nas cipher support libssh empti objectivegit depen libssh case guess clone via command line command line openssh expert know make suggest thing know googl unabl exchang encrypt key help go mark close work around problem part configur nas,8,31,ssh|password|forge|username|login|encrypt|openssh|cipher,399,0.07769423558897243,0.7093778252601624
28,https://api.github.com/repos/TakeScoop/SwiftyRSA/issues/28,issue,public key form der file rais error,gener der file openssl rais error unit test pem file gener der file work well error inform fatal error try express unexpectedli rais error error domain com takescoop swiftyrsa code invalid byte index public key header userinfo nslocalizeddescript invalid byte index public key header file librari cach com appl xbs sourc swiftlang swiftlang src swift stdlib public core errortyp swift line thought gener wrong der file work well test anoth der file pkc pad pass gener der file incorrectli issu der file public key ps english well describ someth ambigu sorri,thank open issu gener anoth pem der key fail process swiftyrsa share issu make investig lot easier sorri long restor pem der file pem file success der file fail follow exampl gener file openssl genrsa privat pem openssl rsa pubout privat pem public pem openssl req new key privat pem cert csr openssl x req day cert csr signkey privat pem cert crt openssl x outform der cert crt cert der openssl pkc export inkey privat pem cert crt sorri delay try key swiftyrsa quit yet one thing notic der file key certif swiftyrsa support certif key make sens close sinc believ inde certif issu let know need reopen,7,24,public key|openssl|rsa|validate|scripting|signing|certificate,208,0.11538461538461539,0.6927688717842102
260,https://api.github.com/repos/mssun/passforios/issues/260,issue,ssh key fail authent,hi troubl authent ssh key get error fail authent ssh session unabl extract public key privat key file wrong passphras invalid unrecogn privat key file format gener ssh key laptop via ad app via qrcode scanner gener qrcode attempt clone repo aforement error sure passphras correct even attempt creat new key new passphras got result,far rememb tri encod ssh key singl qr code pass abl scan rememb whether singl qr code cannot encod mani inform qr code complic scan correctli try simpl tool gener qr code work pgp key ssh key gener gif two pictur given ssh key thank suggest seen option find depend aur prefer avoid compil sourc possibl give go anyway see solv issu cheer one shell guess find three common depend aur basic split key file two piec gener one png split pass scan png sequenc manual gener gif asc key qr code gif script suggest result fact scan imag gener add inform ascii armor encrypt privat key field app tri creat new ssh key without password result still think issu qrcode try gener key puttygen per work thank much,10,22,ssh|authentication|public key|private key|validate|encode|pgp|scripting|encrypt|password,189,0.1164021164021164,0.580962061882019
142,https://api.github.com/repos/mssun/passforios/issues/142,issue,fail clone repositori underli error fail start ssh session unabl exchang encrypt key,reinstal app appstor today want everyth scratch clone repo work anymor follow error fail clone repositori underli error fail start ssh session unabl exchang encrypt key made sure git url right well work tri chang ssh key tri password authent tri wifi carrier internet noth help hand clone repo comput work without problem idea go quick search internet suggest similar problem occur git client ssh librari pgp key yet app total clean,special key algorithm pass base objectivepgp sure caus try gener new key test debug connect figur mismatch algorithm pass ios offer follow algorithm diffi hellman group sha diffi hellman group exchang sha diffi hellman group sha offer follow mac hmac sha hmac sha hmac md hmac md hmac ripemd hmac ripemd default server offer stronger encrypt algorithm,8,25,ssh|encrypt|password|authentication|pgp|diffie hellman|sha|hmac,143,0.17482517482517482,0.566330075263977
52,https://api.github.com/repos/TakeScoop/SwiftyRSA/issues/52,issue,public key der file,upgrad swiftyrsa use code master branch tri public key der file existi main bundl tri pubkey alway null wrong,thank open issu content key null error domain swiftyrsa swiftyrsaerror code null creat new swift project see full error swiftyrsaerror messag invalid byte index public key header file librari cach com appl xbs sourc swiftlang swiftlang src swift stdlib public core errortyp swift line certif got tri load certif oppos public privat key fix need extract public key openssl see want add public key extract certif still troubl get der file valid public key command der file luck better yet der file work constructor tri without bundl paramet use bundl main chanc share der file think resolv issu see check close issu today juli,5,13,public key|validate|certificate|private key|openssl,128,0.1015625,0.5205358862876892
270,https://api.github.com/repos/mssun/passforios/issues/270,issue,cannot clone googl cloud repositori usernam,googl cloud repositori look someth try git server url usernam pars error believ url usernam match go guess pars usernam string first wherea suppos string last,section rfc allow user name escap first use thank tri result underli error fail start ssh session unabl exchang encrypt key result pleas check enter usernam usernam git repositori url match result pleas check enter usernam usernam git repositori url match result underli error malform url hi think first one correct caus result unsupport key algorithm first one correct confirm issu error messag fail start ssh session fail get banner hi updat libgit libssh openssl found clone repo googl cloud use follow format ed key close issu still problem pleas feel free reopen thank,5,14,username|user name|ssh|encrypt|openssl,127,0.11023622047244094,0.5088277459144592
80,https://api.github.com/repos/mssun/passforios/issues/80,issue,cannot clone ssh name start dot,got popup messag idea find went wrong use ssh key file gener option,pleas doubl check ssh url read messag possibl type extra oh notic wiki still luck chang url lead repo name mistak local password store hidden folder manag clone repo renam repo contain lead bug somewher interest creat empti repo lead abl clone renam test password store repo test test authent method password clone repo name start ok authent method ssh key clone repo name start fail still agre titl issu nice debug log clone fail fix latest testflight try thank fix v app store accord,3,9,ssh|password|authentication,105,0.08571428571428572,0.4307456612586975
305,https://api.github.com/repos/mssun/passforios/issues/305,issue,ed ssh key work,appear ed ssh key work tri load ed ssh key error fail fetch remot underli error fail authent ssh session unabl extract public key privat key pass ios previous report want creat separ issu sinc seem suppos fix switch gopenpgp,hi thank report ssh channel establish within git remot oper therefor ssh key exchang algorithm pgp librari librari issu refer pgp librari anoth troublesom issu long time caus upstream librari object git think support ed ssh key solv updat librari librari sever relat issu previou pgp librari think altern reliabl full function final manag updat fork pass updat commit eb b ff e f c e depend latest releas mean ed work full list support key algorithm support algorithm check still work compil new releas done roll testflight test thank testflight pleas take look testflight pleas take look test clone pull work fine great work close publish app store feel free reopen creat new one relat issu,5,14,ssh|authentication|public key|private key|pgp,162,0.08641975308641975,0.42920929193496704
144,https://api.github.com/repos/TakeScoop/SwiftyRSA/issues/144,issue,error creat privat key object,hello updat project run swift swiftyrsa got error privat key creat test privat key gener valid one updat rune code swift swiftyrsa got problem overcam issu use version swift replac publickkey swift line let rang rang start end let rang start end version swiftyrsa code use creat key open static func decryptwithprivatekey data data privkey data throw string let encrypt encryptedmessag data data let privatekey try privatekey data privkey let dclear try encrypt decrypt privatekey pad pkc let dstr try dclear string encod utf return dstr catch let error logger problem decrypt data rsa privat key error error throw cryptoerror faildecryptingrsa error line let privatekey try privatekey data privkey,thank open issu exact error get exampl privat key share reproduc end know relat case look gener pair key throught mac os consol step privat public key convert pem format string load public pem privat pem key thing capabl creat publickey instanc privatekey tri convert string base object initialis unsuccessfuli idea make wrong forgot step run problem find solut try catch error get follow error asn parsingfail privat key format creat keypair info,8,23,private key|rsa|validate|crypt|encrypt|encode|public key|forge,188,0.12234042553191489,0.40969499945640564
647,https://api.github.com/repos/shadowsocks/ShadowsocksX-NG/issues/647,issue,ssh pac,system shadowsocksx ng version maco shadowsocksx ng expect behavior ssh server work actual behavior global mode ssh vvv server show openssh p libressl debug read configur data user name ssh config debug user name ssh config line appli option server debug read configur data etc ssh ssh config debug etc ssh ssh config line appli option debug ssh connect direct needpriv debug connect server port debug connect establish debug ident file user name ssh id rsa type debug key load public file directori debug ident file user name ssh id rsa cert type debug ident file user name ssh id dsa type debug key load public file directori debug ident file user name ssh id dsa cert type debug key load public file directori debug ident file user name ssh id ecdsa type debug key load public file directori debug ident file user name ssh id ecdsa cert type debug key load public file directori debug ident file user name ssh id ed type debug key load public file directori debug ident file user name ssh id ed cert type debug local version string ssh openssh ssh exchang identif connect close remot host pac auto mode shadowsocksx ng ssh work fine step reproduc turn shadowsocksx ng global mode ssh site often happen alway ss local log info initi cipher aes cfb info tcp port reus enabl info listen info connect server applic log,ssh client includ server look anoth maco authent bug pleas post bug report appl saw issu upgrad track problem incompat mac algorithm specifi specif algorithm remov view avail mac command show suggest chang etc ssh ssh config file updat issu edit log debug connect ss featur bug ssh,10,48,ssh|openssh|user name|rsa|dsa|ecdsa|cipher|aes|authentication|availability,284,0.16901408450704225,0.3884844183921814
215,https://api.github.com/repos/mssun/passforios/issues/215,issue,undocu file format ssh key transfer,unabl figur file format ssh key insal method download url find dokument expect file format error try openssh privat key file putti privat key file,acsii armor encrypt key one see,4,6,ssh|openssh|private key|encrypt,38,0.15789473684210525,0.3759382665157318
219,https://api.github.com/repos/Carthage/Carthage/issues/219,issue,carthag checkout hang access git repo requir authent credenti alreadi,specifi privat repo credenti access point need authent hang user prompt usernam enter never prompt password workaround make sure credenti save exampl forc authent clone privat repo elsewher system work expect assum asynchron behavior around check repo look yet,basic realli write close issu instead check submodul ssh url http thing http requir authent privat repo cach credenti ah gotcha boil bug want interact carthag end hang affect http ssh url similarli got bitten well time written blush submit pull request happili review use ssh fa clone repo use carthag clone privat repo use workaround setup access token command line prompt enter github com usernam github com password enter access token gener cach usernam password handl ran issu morn one thing origin poster allud never done caus confus sure enabl git cach credenti instruct ran upgrad cartfil public repo releas fix issu anyon use xcode output post output happen run prompt credenti yes realiz mess command try see prompt think solut git task use ssh fa clone repo use carthag clone privat repo use workaround option workaround instead set token submodul forc carthag clone use ssh upgrad carthag see error first time auth normal git access via ssh work fine run git termin prompt echo credenti fill ensur correct credenti fill prior run carthag updat mac high sierra xcode b pleas open new issu includ format output,5,24,authentication|credential|username|password|ssh,238,0.10084033613445378,0.3460720479488373
170,https://api.github.com/repos/mssun/passforios/issues/170,issue,fail clone repositori fail start ssh session unabl exchang encrypt key,pass configur ssh public key authent github account initi setup try clone pass repositori follow messag idea fix,start happen recent updat chang set someth issu temporari workaround host repositori gitlab rather github actual gitlab mirror automat tri move relat discuss close issu,4,5,ssh|encrypt|public key|authentication,55,0.09090909090909091,0.33158499002456665
37,https://api.github.com/repos/RNCryptor/RNCryptor/issues/37,issue,add data end crypt file,use rncryptor encrypt decrypt file ios mac app want sign file string know crypt file methodologi encrypt crypt file add string data crypt data decrypt rang string remov crypt data decrypt data decrypt file ihav error error domain net robnapi rncryptmanag code l op ration n pas pu achev net robnapi rncryptmanag erreur pretti sur sign unsign work sign imag unsign good result code,remov signatur think meant rang locat rather note append constant string usual thought sign sinc trivial fake fine need secur check static string though usual easier put start file rob nov achraf notificationswrot use rncryptor encrypt decrypt file ios mac app want sign file string know crypt file methodologi encrypt crypt file add string data crypt data decrypt rang string remov crypt data decrypt data decrypt file ihav error error domain net robnapi rncryptmanag code l op ration n pas pu achev net robnapi rncryptmanag erreur pretti sur sign unsign work sign imag unsign good result code nsmutabledata crypteddata nsmutabledata datawithdata rnencryptor encryptdata originaldata withset krncryptora set password textfieldpasswordforencrypt stringvalu error error nsmutabledata signeddata self signfiledata crypteddata nsmutabledata unsigneddata self removesigntureinrang self testintegrityfromdata signeddata fromdata signeddata nsmutabledata decrypteddata nsmutabledata datawithdata rndecryptor decryptdata unsigneddata withpassword textfieldpasswordfordecrypt stringvalu error error nslog error descript imagetest setimag nsimag alloc initwithdata decrypteddata nsmutabledata signfiledata nsmutabledata filedata nsdata signdata signtur datausingencod nsasciistringencod filedata appenddata signdata return filedata nsdata datatofind signtur datausingencod nsasciistringencod nsrang rang filedata rangeofdata datatofind option rang nsmakerang filedata length rang length return rang els return rang repli email directli view github thank replay issu add string start file new code log originaldata data lenth crypteddata data lenth signeddata data lenth ies filesign com unsigneddata data lenth decrypteddata data lenth nslocalizeddescript hmac mismatch see crypteddata lenth equal unsigneddata sigh unsign work fine sign file right string think relat rncrytor move stackoverflow either strip wrong byte corrupt data transmit hmac mismatch mean data hand rndecryptor exactli equal data got back rnencryptor signatur gener done cryptograph hash googl digit signatur hmac rncryptor use simpl form symmetr signatur fail decrypt signatur valid data exactli match sign nov achraf notificationswrot thank replay issu add string start file new code nsmutabledata originaldata nsmutabledata datawithcontentsoffil file filepath stringbyreplacingoccurrencesofstr withstr nslog data lenth li originaldata length nsmutabledata crypteddata nsmutabledata datawithdata rnencryptor encryptdata originaldata withset krncryptora set password textfieldpasswordforencrypt stringvalu error error nslog data lenth li crypteddata length nsmutabledata signeddata self signfiledata crypteddata nslog data lenth li signeddata length nsmutabledata unsigneddata self removesigntureinrang self testintegrityfromdata signeddata fromdata signeddata nslog data lenth li unsigneddata length nsmutabledata decrypteddata nsmutabledata datawithdata rndecryptor decryptdata unsigneddata withpassword textfieldpasswordfordecrypt stringvalu error error nslog data lenth li decrypteddata length nslog error userinfo descript log originaldata data lenth crypteddata data lenth signeddata data lenth ies filesign com unsigneddata data lenth decrypteddata data lenth nslocalizeddescript hmac mismatch see crypteddata lenth equal unsigneddata sigh unsign work fine sign file right string repli email directli view github wrong byte calcul th,12,136,crypt|encrypt|signing|signature|security|password|integrity|scripting|encode|hmac|hash|validate,488,0.2786885245901639,0.33116936683654785
157,https://api.github.com/repos/mssun/passforios/issues/157,issue,sync http authent work,tri sync http alway get error server due authent sent sampl apach log earlier today xxx jan git pass git info ref servic git upload pack http git libgit app try fetch url even ask password ask password second time app stay loop second come back previou screen tri embed usernam url work either,hi sorri late repli abl sync wiki url exampl git repositori url passforio demo support authent method password ssh key remark must objectivegit framework get updat ago hope issu solv automat close old issu feel free reopen problem still,4,8,authentication|password|username|ssh,98,0.08163265306122448,0.3113817572593689
2517,https://api.github.com/repos/Carthage/Carthage/issues/2517,issue,carthag updat bootstrap privat github repo ssh,carthag instal method pkg x homebrew sourc use use use use use cartfil carthag output actual outcom expect outcom updat carthag use ssh privat enterpris account privat account ssh config file carthag updat privat repo solv,sure normal git clone work correctli check github document work defin git know differ ssh key clone use git termin work perfect carthag remov privat ssh key one key github resolv issu multipl account github differ ssh key ssh config plu key enough exampl see case two account ssh sure need scheme issu automat mark stale recent activ close activ occur thank contribut need ssh ci machin write password http useful tri flag yes command issu automat mark stale recent activ close activ occur thank contribut issu automat mark stale recent activ close activ occur thank contribut,2,10,ssh|password,141,0.07092198581560284,0.3098304867744446
112,https://api.github.com/repos/TakeScoop/SwiftyRSA/issues/112,issue,public key der file error occur error occur oper complet swiftyrsa swiftyrsaerror error,thank open issu report error thrown swiftyrsa pleas includ follow detail version swiftyrsa podfil cartfil exact code use creat key messag signatur full descript error content key messag signatur content alreadi base string share content pem file share file content content der file run share output import share content privat key unless non sensit note html comment remov altogeth write outsid,thank open issu report error thrown swiftyrsa pleas includ follow detail version swiftyrsa podfil cartfil exact code use creat key messag signatur full descript error content key messag signatur content alreadi base string share content pem file share file content content der file run share output import share content privat key unless non sensit close due lack activ,4,9,public key|signature|scripting|private key,133,0.06766917293233082,0.2973904013633728
260,https://api.github.com/repos/buildasaurs/Buildasaur/issues/260,pr,ad support repo url prefix ssh,git clone git repositori ssh specifi ssh url shorter scp syntax ssh protocol instead depend url start gitth checkout type git servic determin use properti without manipul origin url string notic small chang function merg tricki,result integr minut second result test pass pleas fix warn cool thank fix properli even ad test,2,5,ssh|integrity,60,0.08333333333333333,0.29613637924194336
447,https://api.github.com/repos/Carthage/Carthage/issues/447,issue,carthag ask github usernam pass public repo,cartfil cartfil privat cartfil resolv anytim try updat bootstrap,issu see issu ad use carthag updat ssh still give prompt usernam ssh option ignor workaround instal enabl git cach credenti factor authent creat person access copi clipboard attempt github http remot git ask github usernam password use fa past person access token password regardless whether push succeed password access token cach machin try carthag fetch github cach password access token agre seriou bug carthag apolog everyon experienc unfortun unavail day bad time nobodi els around appli fix recommend anyon affect download instal creat proper fix sorri troubl heart stress jspah enjoy time wave releas fix issu anyon use xcode sorri still hang behaviour sit minut spin dump carthag state output pleas confirm fix v fix problem clear v fix issu ask github user password hang behaviour describ believ remain hang issu captur updat still experienc usernam password issu output version carthag fix issu relat ask github credenti still experienc usernam password prompt ask hang never provid usernam password http ssh key passphras tri clone privat repositori see prompt see feel fool typo name newli ad repo probabl carthag know whether specif privat repo actual exist huh perhap prompt usernam password http carthag prompt user prompt privat repo error doubl check spell use privat repositori pretti common experi want see prompt case think ideal fix fill usernam password result meaning error messag got work cach github credenti osxkeychain follow instruct prompt allow work bug carthag issu carthag use solut post problem solv updat git someth suspect caus instal xcode weekend pre swift build move back xcode thank updat git fix problem mine thank upgrad git last version issu carthag git clone public github repo http,6,26,username|ssh|credential|authentication|password|availability,292,0.08904109589041095,0.2763254940509796
106,https://api.github.com/repos/TakeScoop/SwiftyRSA/issues/106,issue,gener rsa public key privat key swift,librari implement gener key pair public key privat key need gener differ key pair devic gener user attempt login gener key pair swift code instead gener termin,swiftyrsa offer key gener seem someth offer primari goal librari import exist key hard happi review pr help get us someth librari gener rsa seckey data use swiftyrsa,4,9,rsa|public key|private key|login,63,0.14285714285714285,0.25755834579467773
956,https://api.github.com/repos/Alamofire/Alamofire/issues/956,pr,updat certificatesinbundl addl extens case sensit,certificatesinbundl check well form certif extensiion cer crt der check upper lower case extens osx filesystem case sensit ios alway der binari encod format pem ascii encod format crt common certif extens der pem cer microsoft extens convent der pem der poor extens refer encod instead content contain certif key appl seccertificatecreatewithdata accept der encod certif,thank put togeth appreci made small format chang pr push still give attribut thank,2,11,certificate|encode,77,0.14285714285714285,0.251467764377594
423,https://api.github.com/repos/watson-developer-cloud/swift-sdk/issues/423,issue,add support pars credenti error,servic credenti check servic contact result error relat invalid credenti match json error format advertis servic sinc common error occur add support pars produc meaning error messag text speech exampl error pars function instead pass interpret wav data verifi format wav data fail result unhelp error messag exampl respons return,get error messag unexpect audio format use english voic relat credenti problem access audio creat ios app error start error gener error domain com ibm watson develop cloud texttospeechv work chang json respons soon hi check credenti try test suit pass think error caus invalid credenti good hear lot easier pars find error quit mislead bang head wall see post thank thank feedback realli help us understand sdk pain point happen know statu json respons invalid credenti shelv still folk work think fix case pars error,2,10,credential|validate,142,0.07042253521126761,0.2465735226869583
116,https://api.github.com/repos/mssun/passforios/issues/116,issue,tfa github password repositori,previous password store gitlab fine decid migrat github forgot passphras gener new key regist password tri git server passforio repositori name password fail tfa github go set passforio document unclear sure continu,try person access token github thank work,2,5,password|forge,44,0.11363636363636363,0.2455766797065735
517,https://api.github.com/repos/yanue/V2rayU/issues/517,issue,pac git pull push ssl,issu issu issu issu v rayu mac v rayu maco tls pac git pull git push debug tls v rayu git issu ip,pull push mac mac clone github ssh clone ssh mac mac maco git pull debug pac ssl v rayu instal openssh git git mac os v rayu sourcetre git v rayu maco,4,7,ssl|tls|ssh|openssh,61,0.11475409836065574,0.23296073079109192
71,https://api.github.com/repos/Carthage/Carthage/issues/71,issue,unfriendli prompt usernam password,run tri run project root directori guess never enter credenti http clone sinc suddenli prompt depend sure enter usernam password time done trick follow chang fix problem tri cach authent mayb factor authent sure suggest http clone uncool ssh option choos sorri alreadi exist nice least one prompt time,nice catch http clone uncool ssh option choos gener http actual better choic mani user know want ssh key offer compar transport secur agre probabl option choos default protocol howev addit mayb try clone first fall back http ssh repositori publicli access nice least one prompt time yeahhh side effect git clone parallel right trollfac public repo prompt usernam password privat fork repo ah lol think two action piec work allow user pull ssh github repo default remain http imo perform git oper serial fix issu interleav log,7,16,username|password|credential|authentication|ssh|transport|security,142,0.11267605633802817,0.22649385035037994
404,https://api.github.com/repos/64characters/Telephone/issues/404,issue,openssl object h file found,clone repo follow build instruct yet went build run got error openssl object h file found receiptvalid pkc contain,specifi correct path telephon configur libressl forget run libressl see libressl file,3,4,openssl|validate|forge,37,0.10810810810810811,0.22050631046295166
363,https://api.github.com/repos/mssun/passforios/issues/363,issue,fail fetch remot underli error callback return unsupport credenti type,pass ios work self host repo share linux client linux side still work ios suddenli start return look around issu found similar error resolut restart sshd work problem start ios pass start ask github password although key suggest resolv avoid error futur follow somehow option github password instead ssh flip set someth recal sinc everyth work fine month close,follow actual help issu thank,3,5,credential|ssh|password,75,0.06666666666666667,0.21965305507183075
143,https://api.github.com/repos/louisdh/openterm/issues/143,issue,ssh keygen make termin unrespons,gener ssh key openterm seem freez gener ssh key workaround n flag manual pass blank pass phrase look someth wrong pass phrase part key gen app becom unrespons ctrl c work step reproduc start ssh keygen enter file name enter blank password either kill app open new termin instanc continu use,use blank key phrase matter password alway becom unrespons mayb ios system bug fix latest commit see duplic know whether roll app store build ugh,2,6,ssh|password,82,0.07317073170731707,0.21728919446468353
151,https://api.github.com/repos/marmelroy/Zip/issues/151,issue,zip path travers vulner,unzip api vulner zip entri path manipul see librari fail check extract file go creat destin folder possibl fix involv check normal path final extract file name check start destin path pleas let know doubt cheer,,2,3,path traversal|vulnerability,41,0.07317073170731707,0.21593202650547028
69,https://api.github.com/repos/mssun/passforios/issues/69,issue,allow past ssh key pair,current solut import ssh key pair http quit awkward easier allow user past public privat key,done commit pleas kindli test report relat issu thank close issu thank,2,3,ssh|private key,34,0.08823529411764706,0.21491581201553345
554,https://api.github.com/repos/yanue/V2rayU/issues/554,issue,pac ssh v ray,issu issu issu issu v rayu mac maco tls ssh v ray ssh ssh ssh v ray pac ssh issu ip,ssh ip,2,8,ssh|tls,28,0.2857142857142857,0.21138311922550201
19,https://api.github.com/repos/Urinx/iOSAppHook/issues/19,issue,invalid unsupport format signatur,dylib entitl plist invalid unsupport format signatur,invalid unsupport format signatur architectur x,2,6,validate|signature,18,0.3333333333333333,0.20750826597213745
1839,https://api.github.com/repos/apple/swift-package-manager/issues/1839,pr,util ssh batch mode option clone repo,swiftpm current hang git expect input stdin great happen ssh key password protect host fingerprint known ideal ask user input least hang meantim sr swift packag manag prompt ssh key passphras,smoke test,4,6,ssh|password|protect|fingerprint,41,0.14634146341463414,0.20406106114387512
49,https://api.github.com/repos/TakeScoop/SwiftyRSA/issues/49,issue,explor creat public privat key certif,mention creat key certif mind share code use certif contain exactli,close sinc seem high demand featur,2,4,private key|certificate,24,0.16666666666666666,0.1935674250125885
596,https://api.github.com/repos/Carthage/Carthage/issues/596,issue,hang carthag updat ask github usernam,seen issu thing differ scenario framework privat github access clone fine kind workaround clone framework repo local project refer let know info give help debug thank octocat,local machin ci server output local machin output run prompt password print credenti past output command output noth ask password output noth explain smile follow credenti helper carthag abl access credenti work thank dancer dancer,3,6,username|password|credential,69,0.08695652173913043,0.18862015008926392
90,https://api.github.com/repos/airbnb/Lona/issues/90,pr,basic support local imag asset gener swift code,copi png asset workspac output directori gener uiimag nsimag code load asset includ snapshot gener appkit code test plan x test chang local x check exist featur work,error warn big pr try keep chang sm messag markdown warn warn big pr try keep chang smaller gener entri sign danger,3,5,asset|signing|danger,59,0.0847457627118644,0.18727189302444458
1236,https://api.github.com/repos/Carthage/Carthage/issues/1236,issue,carthag bootstrap result github api request fail maximum number login attempt exceed,use n use n use n relev librari pusher websocket swift output realli sure start happen run caus error say seem happen travisci see one fail build,sure carthag hit login endpoint use credenti git avail tri download releas confus think due rate limit even though error messag suggest otherwis environ variabl secur one work ad env variabl seem done job see,4,5,login|credential|availability|security,75,0.06666666666666667,0.18717838823795319
4,https://api.github.com/repos/JohnSundell/SwiftPlate/issues/4,issue,work ssh avail,gener project ssh setup try replac gitwith,done thank report,2,3,ssh|availability,14,0.21428571428571427,0.1820923388004303
389,https://api.github.com/repos/mssun/passforios/issues/389,issue,question possibl pgp key ssh authent,hey possibl pgp key ssh authent sourc,,3,6,pgp|ssh|authentication,14,0.42857142857142855,0.17971177399158478
214,https://api.github.com/repos/krzyzanowskim/CryptoSwift/issues/214,pr,refactor sha final hash gener solv express complex error,fix error express complex solv reason time consid break express distinct sub express,,2,2,sha|hash,23,0.08695652173913043,0.1782461702823639
82,https://api.github.com/repos/nicklockwood/SwiftFormat/issues/82,issue,compil error appli format gener type unsafepoint,appli ran got compil complaint plu environ,hi believ fix version releas yesterday let know thank yes fix sorri ran old version thank,2,2,unsafe|safe,31,0.06451612903225806,0.17663155496120453
243,https://api.github.com/repos/malcommac/SwiftDate/issues/243,issue,error unsafebitcast type differ size,hi use branch xcode appstor releas get crash error unsafebitcast type differ size simpl thought inform provid,super date rough guess gone previous extens requir class pointer recent chang make extens instead struct differ size abl success carri chang line merg thank,2,4,unsafe|safe,48,0.08333333333333333,0.17182905972003937
1746,https://api.github.com/repos/wireapp/wire-ios/issues/1746,pr,fix error messag chang user name,new pr issu error messag show unnecessari intern error descript solut default error messag alert,,2,2,user name|scripting,22,0.09090909090909091,0.170663520693779
140,https://api.github.com/repos/RocketChat/Rocket.Chat.iOS/issues/140,pr,fix invalid url format authent screen,pull request resolv,,2,2,validate|authentication,10,0.2,0.16844019293785095
1317,https://api.github.com/repos/Alamofire/Alamofire/issues/1317,pr,oper check match certif key,search match pin certif server certif use oper express logic simpler thing goe public key match,realis unit test fail ios close pr,2,4,certificate|public key,29,0.13793103448275862,0.1650427281856537
699,https://api.github.com/repos/grpc/grpc-swift/issues/699,pr,document creat certif privat key string,motiv clear user creat certif privat key string see tls md doc explain creat certif privat key string result better doc,,3,7,certificate|private key|tls,28,0.25,0.162396639585495
494,https://api.github.com/repos/grpc/grpc-swift/issues/494,pr,updat test certif increas valid year,command use gener,,2,2,certificate|validate,10,0.2,0.16063466668128967
668,https://api.github.com/repos/daltoniam/Starscream/issues/668,issue,cryptograph secur secrandomcopybyt key gener,arc random issu true random pleas consid use secrandomcopybyt generatewebsocketkey gener key,version resolv thank,2,2,crypt|security,21,0.09523809523809523,0.16061390936374664
